url,headline_words,body_words,post_date,image_count

"https://www.thebaltimorebanner.com/community/climate-environment/manager-medical-waste-incinerator-case-YE6Q2CIQ5FHQTICWO5Z3C5RNS4/",11,934,2025-05-06T20:25:55.818Z,2
"https://www.thebaltimorebanner.com/sports/orioles-mlb/kyle-stowers-hot-start-RVMV4K4C5ZGPNB7Q6CY23P4AMY/",11,86,2025-05-06T21:09:12.026Z,0
"https://www.thebaltimorebanner.com/sports/ravens-nfl/what-we-know-justin-tucker-cut-by-ravens-U276MHGKZ5A3BDLVKZIKQZWMDU/",13,918,2025-05-06T20:52:43.524Z,1
"https://www.thebaltimorebanner.com/community/local-news/marc-knapp-orphans-court-judicial-disabilities-443EG6DJ2ZGJBMQ5GKX73DXUIY/",11,974,2025-05-06T19:02:24.383Z,2
"https://www.thebaltimorebanner.com/community/transportation/montgomery-county-rapid-bus-line-V6WZ2PCCPREH7G7AHBLUIIGM4A/",15,353,2025-05-06T19:54:33.548Z,1
"https://www.thebaltimorebanner.com/sports/horse-racing/sovereignty-kentucky-derby-winner-preakness-field-VMJ4C5IQFFC37AI6IXABVD2G24/",8,607,2025-05-06T17:45:40.148Z,1
"https://www.thebaltimorebanner.com/culture/travel/frontier-airlines-bwi-chicago-HZCIMU7KF5DRLKN7FTXRI755UA/",13,252,2025-05-06T19:42:59.659Z,0
"https://www.thebaltimorebanner.com/education/higher-education/naval-academy-board-book-ban-K5GUGP2A3NF7RCM47KCWBLUJDU/",11,803,2025-05-06T19:23:39.888Z,1
"https://www.thebaltimorebanner.com/community/transportation/harford-road-bridge-lane-closures-LS4DQLLIKREK7NIHL6S5RU7DFY/",11,334,2025-05-06T19:33:21.286Z,1
"https://www.thebaltimorebanner.com/sports/orioles-mlb/oriole-park-at-camden-yards-upgrades-videoboard-scoreboard-JFVTBGPDHFCXPF7TSDX53JRM64/",11,473,2025-05-06T17:59:12.322Z,1
"https://www.thebaltimorebanner.com/politics-power/national-politics/trump-ban-transgender-military-members-TLHSPQD2YRDDJMOLQYH3WL4RCM/",16,446,2025-05-06T19:02:44.68Z,0
"https://www.thebaltimorebanner.com/sports/orioles-mlb/orioles-may-schedule-sub-500-teams-ZSKUD34JXFDEHLWMW4SSFYWT7Y/",11,665,2025-05-06T15:39:56.593Z,2
"https://www.thebaltimorebanner.com/obituaries/julia-marciari-alexander-walters-art-museum-director-dies-34WWJYCRYRBITMYLGNMHZI2TVE/",12,677,2025-05-05T16:15:10.258Z,0
"https://www.thebaltimorebanner.com/community/local-news/kinetic-sculpture-race-baltimore-25th-year-PNEJOPTPYJGZJCO4O3ZKAIQG44/",16,542,2025-05-03T15:07:38.7Z,17
"https://www.thebaltimorebanner.com/culture/music/rams-head-live-nevermore-hall-baltimore-37DXVELXHZFBLJLJLMDIO56IUA/",11,223,2025-05-06T15:43:48.307Z,0
"https://www.thebaltimorebanner.com/culture/food-drink/chopped-italian-broadway-bodega-deli-fells-point-GTOKZ34N6ZCXFLNFYJNVKGELFA/",12,874,2025-05-06T09:30:00Z,2
"https://www.thebaltimorebanner.com/culture/food-drink/mall-in-columbia-crime-walrus-oyster-ale-house-bennies-closed-X3WBYTT7JNCFZCLHT55AG3KRWE/",14,1524,2025-05-02T23:36:12.675Z,2
"https://www.thebaltimorebanner.com/culture/queen-anne-anne-arundel-anne-boleyn-4CRFRAGPVNA6NF66UU4Y4DP5BE/",11,1171,2025-05-06T09:30:00Z,4
"https://www.thebaltimorebanner.com/politics-power/state-government/maryland-governor-ethics-law-SAAQ7LPZ5RF6BPOMCKI72K43YY/",11,1065,2025-05-06T14:00:00Z,2
"https://www.thebaltimorebanner.com/education/higher-education/maryland-college-graduation-speakers-RO5NNOKW6FGY7NDCLWRLJO6UVI/",13,1381,2025-05-04T09:30:00Z,8
"https://www.thebaltimorebanner.com/sports/orioles-mlb/orioles-podcast-coby-mayo-D6TU7ZG7CJANRFQ25BP45UNFAQ/",13,69,2025-05-06T13:00:00Z,0
"https://www.thebaltimorebanner.com/community/transportation/mta-baltimore-schools-B7ZUPZ723BEJXMTOLFAAKJ5HVY/",11,1597,2025-05-06T09:30:00Z,2
"https://www.thebaltimorebanner.com/community/local-news/fells-point-parking-restrictions-put-on-hold-7LYZ23JVTBE2FMXUMNJ52NHPIM/",12,434,2025-05-06T13:22:57.52Z,0
"https://www.thebaltimorebanner.com/culture/lifestyle/glen-arm-couple-secrets-EA2ROOULCZBFDG2QCQP2P3SY6I/",12,961,2025-05-06T12:00:00Z,4
"https://www.thebaltimorebanner.com/politics-power/marylands-salvadoran-community-roiled-by-abrego-garcia-deportation-IFN2VPS7KJFZBGMJGDLG4IP4WE/",8,1336,2025-05-06T09:30:00Z,3
"https://www.thebaltimorebanner.com/economy/ripple-effects/job-openings-federal-maryland-55TKGFGY5JFNVKJYBDC6L34ZV4/",11,779,2025-05-06T09:30:00Z,3
"https://www.thebaltimorebanner.com/sports/ravens-nfl/ravens-podcast-justin-tucker-released-MDS4DL5T65E43MPQVGJZ6IKFOA/",10,57,2025-05-05T23:32:53.147Z,0
"https://www.thebaltimorebanner.com/sports/ravens-nfl/justin-tucker-ravens-release-VVGZEADNEFEUNN4QEPMKINK6RY/",11,1707,2025-05-05T21:13:12.166Z,3
"https://www.thebaltimorebanner.com/politics-power/national-politics/maryland-trump-offshore-wind-lawsuit-EBETXFNFMFE4VFFGULXIAV66CM/",12,975,2025-05-06T00:09:53.351Z,0
"https://www.thebaltimorebanner.com/community/criminal-justice/rachel-morin-patty-morin-lawsuit-gofundme-GIAJYPNWW5ESRPIHI5QGOAXTYI/",11,630,2025-05-05T23:52:09.878Z,0
"https://www.thebaltimorebanner.com/justin-tucker-allegations-read-recent-coverage-WAEBAZ4AAFBHBMX2ZRSS5KTQ5U/",2,25,,3
"https://www.thebaltimorebanner.com/community/local-news/baltimore-banner-pulitzer-opioids-SAFUMN3SCFG47BS2LKHJW36SOI/",10,1025,2025-05-05T19:10:14.922Z,3
"https://www.thebaltimorebanner.com/economy/growth-development/bill-ackman-columbia-pershing-square-howard-hughes-holdings-XKO4Q7H4SFHFXKIFWO7OZTHLNM/",13,347,2025-05-05T21:30:20.752Z,0
"https://www.thebaltimorebanner.com/opinion/column/million-lives-book-festival-QXULQOFG25GBDDLVJHN2EL6XMM/",13,1158,2025-05-05T21:24:02.243Z,1
"https://www.thebaltimorebanner.com/sponsored-content/breaking-barriers-hygea-healthcare-transforms-maryland-addiction-treatment-GBCU45UBN5HALP753QKTOKIVCM/",8,404,,1
"https://www.thebaltimorebanner.com/national/kilmar-abrego-garcia-timeline-legal-fight-CYSGS7UWENEZZH6JZC2OKHYN6M/",15,1538,2025-04-22T13:00:00Z,2
"https://www.thebaltimorebanner.com/community/criminal-justice/aurielle-montgomery-pleads-guilty-murder-daughter-nyemia-gilliard-BO4AKZEUQVDSDJSDBUI3AFD4GQ/",12,362,2025-05-05T17:51:14.637Z,0
"https://www.thebaltimorebanner.com/community/criminal-justice/child-dead-gunshot-southwest-baltimore-MOUQUVSFOJBKDELKQ3BKHSHSMQ/",12,239,2025-05-03T22:02:21.582Z,1
"https://www.thebaltimorebanner.com/community/public-health/pha-healthcare-state-order-housing-drug-treatment-overdose-HHJJ6CREIFDNZJMOXWQ6D2R3JQ/",15,87,2025-01-17T10:30:00Z,0
"https://www.thebaltimorebanner.com/community/public-health/pha-healthcare-cease-and-desist-opioids-addiction-MRLUNP2RM5H2TOYI3BNFKYNNCY/",10,79,2025-01-10T23:14:42.716Z,0
"https://www.thebaltimorebanner.com/community/public-health/baltimore-overdose-crisis-inequality-EFGBP4UZDNEP5OO4VRHAVAPQW4/",9,53,2024-07-05T09:30:00.893Z,0
"https://www.thebaltimorebanner.com/data/baltimore-overdose-epidemic-map-7FSHJD7RW5DRXG7BAKARODKMC4/",12,59,2024-06-13T09:30:00.286Z,0
"https://www.thebaltimorebanner.com/community/public-health/us-overdose-data-black-men-SE3ZYFVJHZFW5LQR4T5TA2N6E4/",13,43,2024-12-20T10:00:00Z,0
"https://www.thebaltimorebanner.com/community/public-health/overdose-deaths-maryland-baltimore-opioids-IADMTNE3QBAKPIN6CV7YXAV42M/",9,41,2025-02-05T01:52:44.573Z,0
"https://www.thebaltimorebanner.com/national/trump-pay-immigrants-leave-country-OADALGXF2RA6TIUV7P7UNPPPAI/",12,198,2025-05-05T16:11:49.554Z,0
"https://www.thebaltimorebanner.com/community/local-news/school-bus-crash-anne-arundel-county-R2YGNJQFMNHUJMIHHNPY34KWB4/",14,143,2025-05-05T15:54:02.53Z,0
"https://www.thebaltimorebanner.com/community/public-health/addiction-mental-health-treatment-maryland-resources-ZFOC4RMYMVGYREZ6QSTWEJ4ROU/",13,1154,2025-02-05T10:30:00Z,2
"https://www.thebaltimorebanner.com/community/public-health/baltimore-treatment-pha-healthcare-evictions-EMRFG7KQNNA2HMEZKTDOEZA25Q/",14,92,2025-02-07T10:30:00Z,0
"https://www.thebaltimorebanner.com/community/public-health/addiction-mental-health-treatment-delays-maryland-NTIMLBS74FCIFK75KXALF2ZKCA/",12,97,2025-02-27T10:30:00Z,0
"https://www.thebaltimorebanner.com/community/public-health/baltimore-overdose-city-actions-silence-FEDBXKWWTBHPDEFDQD4J6LZIVI/",12,76,2025-03-05T10:30:00Z,0
"https://www.thebaltimorebanner.com/community/criminal-justice/pha-healthcare-investigation-treatment-oversight-bill-T4CXHFILIJBBPLLWVI2L2IIOOA/",13,73,2025-03-10T09:30:00Z,0
"https://www.thebaltimorebanner.com/community/public-health/baltimore-senior-opioid-overdoses-new-addiction-treatment-narcan-PEADKAKFUBANTHYBWJ6F5DKTDI/",15,37,2025-03-21T09:30:00Z,0
"https://www.thebaltimorebanner.com/community/public-health/pha-healthcare-victim-deaths-haunt-families-THLLKTUO7NHU7ETJETWESXNEQE/",15,46,2025-04-01T09:30:00Z,0
"https://www.thebaltimorebanner.com/economy/downtown-baltimore-hyatt-regency-hotel-CGO6HTNRCNA6TDIXIQMO332L4U/",9,709,2025-05-05T15:28:30.273Z,1
"https://www.thebaltimorebanner.com/politics-power/national-politics/donald-trump-reopen-alcatraz-SVD4QADF6BCSJCTLL6RI3G5VJI/",11,971,2025-05-05T13:13:40.675Z,0
"https://www.thebaltimorebanner.com/sponsored-content/special-needs-trusts-without-the-stress-partnering-with-fmdt-to-protect-your-clients-CTIFKXNW2ZBDTG6VMPZSCMAANA/",13,673,,2
"https://www.thebaltimorebanner.com/sports/orioles-mlb/orioles-jon-meoli-treading-water-LK5XH65375HL5HX5LYH5OVDO4Q/",13,995,2025-05-05T12:00:00Z,1
"https://www.thebaltimorebanner.com/economy/ripple-effects/federal-workers-hunting-for-new-jobs-S6M5MM3WXVEJPCWOQPZLXVFYOM/",10,2319,2025-05-05T09:30:00Z,5
"https://www.thebaltimorebanner.com/politics-power/national-politics/trump-epa-funding-cuts-disadvantaged-communities-5PAE7GVBIREYZOL6NT42P6KXHA/",8,1657,2025-05-05T09:30:00Z,2
"https://www.thebaltimorebanner.com/economy/ripple-effects/federal-workers-trump-stress-2PNDOQ5XIRAHLIM6K64QKZDCPU/",13,746,2025-05-05T09:30:00Z,1
"https://www.thebaltimorebanner.com/opinion/letters/maglev-environmental-review-2BVCRIN6VJFZDE5SGGDYKFWIZQ/",11,436,2025-05-05T09:30:00Z,0
"https://www.thebaltimorebanner.com/opinion/column/fear-of-government-constitution-equality-7WUI6OGXXFHSJE6QGQO7JRV2KA/",13,920,2025-05-05T09:30:00Z,0
"https://www.thebaltimorebanner.com/sports/ravens-nfl/commanders-nfl-draft-host-site-2027-H3TCBG5N75F6ZN4XNP4NYDKSOA/",13,172,2025-05-05T02:06:54.779Z,0
"https://www.thebaltimorebanner.com/sports/horse-racing/kentucky-derby-winner-sovereignty-preakness-stakes-XPIYIGA2SZAXTOVQ7QOYPMSN44/",15,646,2025-05-04T22:38:46.406Z,0
"https://www.thebaltimorebanner.com/sports/horse-racing/maryland-horses-trainers-churchill-downs-kentucky-derby-WQLFMD34GBD27G5LOXAG4DNC3U/",13,1759,2025-05-02T16:19:32.496Z,5
"https://www.thebaltimorebanner.com/culture/food-drink/cafe-campli-owners-move-italy-CM3LTZUEOFFH5C4UCGPO4LIHQE/",12,1049,2025-05-04T09:30:00Z,2
"https://www.thebaltimorebanner.com/sports/horse-racing/kentucky-derby-preakness-sovereignty-journalism-DFPQCAH7YVCJJBWPY7MCGCLUMQ/",15,426,2025-05-03T23:31:13.919Z,2
"https://www.thebaltimorebanner.com/sports/ravens-nfl/ravens-rookie-minicamp-emery-jones-john-harbaugh-zay-flowers-joe-noteboom-Q4YGLUBFYFBRRGGBBRJZCN5CBY/",13,635,2025-05-04T22:13:50.396Z,1
"https://www.thebaltimorebanner.com/sports/orioles-mlb/orioles-coby-mayo-major-league-call-up-2Q7L7LB4OFEO3PRD65N5T2MQCI/",15,669,2025-05-04T21:57:22.473Z,0
"https://www.thebaltimorebanner.com/sports/orioles-mlb/orioles-royals-seven-home-runs-jackson-holliday-EFDEVUIGBZFO5FHZS7R7DFBQO4/",15,910,2025-05-04T20:41:55Z,2
"https://www.thebaltimorebanner.com/sports/ravens-nfl/baltimore-ravens-mike-green-2025-nfl-draft-U5T3532H25CPVJ7LULE75QUQFY/",12,921,2025-05-04T19:42:18.371Z,1
"https://www.thebaltimorebanner.com/sports/orioles-mlb/light-rail-storm-damage-orioles-W7PTFDAA7JEPPNRQANPMLDQSCM/",9,209,2025-05-04T13:50:07.839Z,1
"https://www.thebaltimorebanner.com/culture/food-drink/outdoor-dining-patios-baltimore-restaurants-R2SJVD22W5CRJGQXL74KW443DE/",9,900,2025-05-04T09:30:00Z,9
"https://www.thebaltimorebanner.com/politics-power/local-government/states-attorney-ivan-bates-did-not-get-approval-for-some-travel-JUJCXVNDTJDI3FMQTPRAGXPGVA/",11,1858,2025-05-04T09:30:00Z,3
"https://www.thebaltimorebanner.com/education/higher-education/student-debt-collections-what-to-know-5MZECJYW5FGJZBYVPZ7SYK44AY/",13,1002,2025-05-04T09:30:00Z,1
"https://www.thebaltimorebanner.com/opinion/letters/letter-private-public-school-vouchers-36IBTA6WOBGYXCDYPCW7KFZFJA/",7,421,2025-05-04T09:30:00Z,1
"https://www.thebaltimorebanner.com/sports/orioles-mlb/orioles-royals-tomoyuki-sugano-kris-bubic-TWD2FYELQFFXDEHPORE3KNQVU4/",14,1294,2025-05-04T02:51:20.222Z,1
"https://www.thebaltimorebanner.com/sports/carmelo-anthony-nbc-sports-nba-analyst-J77S2ATBTFAILPKLL5TAF3ASVI/",12,141,2025-05-03T23:18:08.016Z,0
"https://www.thebaltimorebanner.com/sports/orioles-mlb/orioles-coby-mayo-promotion-top-prospect-26QJMBLMWVBCPLMKTFUSAXPGHM/",17,591,2025-05-03T17:02:09.861Z,1
"https://www.thebaltimorebanner.com/sports/orioles-mlb/orioles-zach-eflin-rehab-assignement-aberdeen-DCIORROHYFC25KITMMI2F4R3HM/",14,445,2025-05-03T21:43:20.35Z,0
"https://www.thebaltimorebanner.com/culture/music/fortnite-baltimore-club-music-roll-call-WI3L2BOKTZHT7EU4DKJQRNOPAY/",12,672,2025-05-03T09:30:00Z,0
"https://www.thebaltimorebanner.com/sports/ravens-nfl/ravens-joe-joseph-noteboom-sign-free-agent-contract-rams-QANHLFGILBH3JCPN36WRHNDZNI/",14,305,2025-05-03T19:28:32.494Z,0
"https://www.thebaltimorebanner.com/education/higher-education/coppin-state-taraji-p-henson-mental-health-JIBER23HYZE43KZL6H4VNEVDTI/",15,363,2025-05-03T15:36:56.43Z,0
"https://www.thebaltimorebanner.com/community/local-news/dawn-white-found-dead-safe-baltimore-W6EGDAFFYJCU7GU2MJ3JS36AWI/",11,429,2025-05-03T12:57:03.192Z,1
"https://www.thebaltimorebanner.com/national/reagan-aiport-aborted-landings-EQTYWX7HQRD5RDTJTPOTJ6R2LQ/",13,654,2025-05-03T18:04:39.105Z,0
"https://www.thebaltimorebanner.com/national/luigi-mangione-double-jeopardy-ceo-killing-IKYCH5YOPRB4JEWBVKFXZPVGJA/",13,833,2025-05-03T14:39:46.471Z,1
"https://www.thebaltimorebanner.com/sports/orioles-mlb/jon-meoli-orioles-mike-elias-brandon-hyde-support-KDX3INIAMZHRRNFXOCJ65FC2Z4/",13,1124,2025-05-03T12:00:00Z,0
"https://www.thebaltimorebanner.com/community/criminal-justice/baltimore-county-shopping-center-shooting-PATDEGKQM5B7DPTAGIUDDPS72M/",9,616,2025-05-02T20:32:09.127Z,0
"https://www.thebaltimorebanner.com/opinion/letters/maglev-maryland-not-needed-GYCBPPM2DBGBPLM3U5NOGKCWOY/",7,393,2025-05-03T09:30:00Z,0
"https://www.thebaltimorebanner.com/politics-power/state-government/wes-moore-asia-trade-trump-J5H65FNY7BA2BCYFLQSAZXUNLA/",11,1823,2025-05-03T09:30:00Z,4
"https://www.thebaltimorebanner.com/economy/real-estate/ruxton-home-for-sale-YZBWIDJCCBCNPANRGMXVHJGYVY/",11,308,2025-05-03T09:30:00Z,12
"https://www.thebaltimorebanner.com/community/local-news/banner-news-quiz-P6VL7FIJPVGDPDGYTJETIP56VU/",11,49,2025-05-03T09:30:00Z,0
"https://www.thebaltimorebanner.com/sports/orioles-mlb/orioles-royals-dean-kremer-shutout-3SXLY3UMF5F2JPQRT3JDWCRTCA/",14,1143,2025-05-03T01:15:57.269Z,2
"https://www.thebaltimorebanner.com/culture/food-drink/konoko-jamaican-food-white-marsh-baltimore-peninsula-37PY6T7GGBFH3F5OJMPQUT3AK4/",13,1174,2025-05-02T09:30:00Z,2
"https://www.thebaltimorebanner.com/community/local-news/baltimore-may-day-protests-LUZV2VZMNZETBKU4XTECBZRJHY/",14,1642,2025-05-01T09:30:00Z,13
"https://www.thebaltimorebanner.com/community/transportation/weekend-traffic-flower-mart-kinetic-sculpture-race-LXCXJJXLERHWDMONZRL6OWBGVA/",12,647,2025-05-02T22:45:45.677Z,0
"https://www.thebaltimorebanner.com/sports/orioles-mlb/orioles-poor-start-mike-elias-brandon-hyde-vote-of-confidence-IHFJNBR3RRFENJKOW64M3C6UNE/",14,1078,2025-05-02T21:56:16.751Z,1
"https://www.thebaltimorebanner.com/politics-power/national-politics/kilmar-abrego-garcia-tennessee-police-video-YND3AK25WJCY7ARWUPNETYEWWA/",12,755,2025-05-02T21:25:18.144Z,0
"https://www.thebaltimorebanner.com/politics-power/national-politics/tom-homan-sanctuary-cities-arrests-ZO3IHUEKSJD7TE6WEJLV2LXCWE/",9,712,2025-05-02T21:22:28.081Z,0
